{"count":1,"self":8.4455648,"total":40.0850953,"children":{"InitializeActuators":{"count":1,"self":0.0015447,"total":0.0015447,"children":null},"InitializeSensors":{"count":1,"self":0.0015260999999999999,"total":0.0015260999999999999,"children":null},"AgentSendState":{"count":20867,"self":0.029404999999999997,"total":0.49178449999999996,"children":{"CollectObservations":{"count":4464,"self":0.36653389999999997,"total":0.36653389999999997,"children":null},"WriteActionMask":{"count":4464,"self":0.00153,"total":0.00153,"children":null},"RequestDecision":{"count":4464,"self":0.020653599999999998,"total":0.0943156,"children":{"AgentInfo.ToProto":{"count":4464,"self":0.0240008,"total":0.073661999999999991,"children":{"GenerateSensorData":{"count":4464,"self":0.049661199999999996,"total":0.049661199999999996,"children":null}}}}}}},"DecideAction":{"count":20867,"self":30.990223999999998,"total":30.990223399999998,"children":null},"AgentAct":{"count":20867,"self":0.1538863,"total":0.1538863,"children":null},"AgentInfo.ToProto":{"count":3,"self":0,"total":0,"children":{"GenerateSensorData":{"count":3,"self":0,"total":0,"children":null}}}},"gauges":{"MoveBlockAgent.CumulativeReward":{"count":3,"max":-0.599990845,"min":-2.700006,"runningAverage":-1.63332927,"value":-2.700006,"weightedAverage":-1.68749464}},"metadata":{"timer_format_version":"0.1.0","start_time_seconds":"1752149998","unity_version":"6000.0.42f1","command_line_arguments":"E:\\Unity\\Install\\6000.0.42f1\\Editor\\Unity.exe -projectpath E:\\FPTUNI\\REL\\project\\BlockingPuzzle -useHub -hubIPC -cloudEnvironment production","communication_protocol_version":"1.5.0","com.unity.ml-agents_version":"3.0.0","scene_name":"Game","end_time_seconds":"1752150038"}}